{"ClientGamePublicationLabel":"0.36.1.34.0","RMPackageVersions":[{"RMPackageId":{"PackageName":"","RMPackageType":10},"VersionName":"104956"},{"RMPackageId":{"PackageName":"","RMPackageType":11},"VersionName":"104956"},{"RMPackageId":{"PackageName":"","RMPackageType":1},"VersionName":"280139"},{"RMPackageId":{"PackageName":"","RMPackageType":9},"VersionName":"280139"},{"RMPackageId":{"PackageName":"","RMPackageType":8},"VersionName":"280139"},{"RMPackageId":{"PackageName":"","RMPackageType":2},"VersionName":"104956"},{"RMPackageId":{"PackageName":"","RMPackageType":3},"VersionName":"104956"},{"RMPackageId":{"PackageName":"MISC","RMPackageType":4},"VersionName":"104956"},{"RMPackageId":{"PackageName":"WORLD_1E4B8181_AI219","RMPackageType":4},"VersionName":"104956"},{"RMPackageId":{"PackageName":"WORLD_25E97111_AI219","RMPackageType":4},"VersionName":"104956"},{"RMPackageId":{"PackageName":"WORLD_5AE0B2E5_BB997","RMPackageType":4},"VersionName":"104956"},{"RMPackageId":{"PackageName":"WORLD_71F6F038","RMPackageType":4},"VersionName":"104956"},{"RMPackageId":{"PackageName":"WORLD_7C66F66F_AI219","RMPackageType":4},"VersionName":"104956"},{"RMPackageId":{"PackageName":"WORLD_8B5BF3EF","RMPackageType":4},"VersionName":"104956"},{"RMPackageId":{"PackageName":"PACKAGE_3236A0AB_AI739","RMPackageType":4},"VersionName":"104956"},{"RMPackageId":{"PackageName":"PACKAGE_5D656AD2","RMPackageType":4},"VersionName":"104956"},{"RMPackageId":{"PackageName":"PACKAGE_A7288FF0","RMPackageType":4},"VersionName":"104956"},{"RMPackageId":{"PackageName":"PACKAGE_BCAF9AE2_BC687","RMPackageType":4},"VersionName":"104956"},{"RMPackageId":{"PackageName":"PACKAGE_COMMON","RMPackageType":4},"VersionName":"104956"},{"RMPackageId":{"PackageName":"PACKAGE_COMMON_SOUNDS","RMPackageType":4},"VersionName":"104956"},{"RMPackageId":{"PackageName":"PACKAGE_CREATURES","RMPackageType":4},"VersionName":"104956"},{"RMPackageId":{"PackageName":"PACKAGE_HERO","RMPackageType":4},"VersionName":"104956"},{"RMPackageId":{"PackageName":"PACKAGE_MISC","RMPackageType":4},"VersionName":"104956"},{"RMPackageId":{"PackageName":"PACKAGE_PRELOAD","RMPackageType":4},"VersionName":"104956"},{"RMPackageId":{"PackageName":"PACKAGE_PVE","RMPackageType":4},"VersionName":"104956"},{"RMPackageId":{"PackageName":"PACKAGE_ROOMS_COMPACT","RMPackageType":4},"VersionName":"104956"},{"RMPackageId":{"PackageName":"PACKAGE_THEME_1","RMPackageType":4},"VersionName":"104956"},{"RMPackageId":{"PackageName":"PACKAGE_THEME_10","RMPackageType":4},"VersionName":"104956"},{"RMPackageId":{"PackageName":"PACKAGE_THEME_11","RMPackageType":4},"VersionName":"104956"},{"RMPackageId":{"PackageName":"PACKAGE_THEME_12","RMPackageType":4},"VersionName":"104956"},{"RMPackageId":{"PackageName":"PACKAGE_THEME_13","RMPackageType":4},"VersionName":"104956"},{"RMPackageId":{"PackageName":"PACKAGE_THEME_14","RMPackageType":4},"VersionName":"104956"},{"RMPackageId":{"PackageName":"PACKAGE_THEME_15","RMPackageType":4},"VersionName":"104956"},{"RMPackageId":{"PackageName":"PACKAGE_THEME_16","RMPackageType":4},"VersionName":"104956"},{"RMPackageId":{"PackageName":"PACKAGE_THEME_17","RMPackageType":4},"VersionName":"104956"},{"RMPackageId":{"PackageName":"PACKAGE_THEME_18","RMPackageType":4},"VersionName":"104956"},{"RMPackageId":{"PackageName":"PACKAGE_THEME_19","RMPackageType":4},"VersionName":"104956"},{"RMPackageId":{"PackageName":"PACKAGE_THEME_2","RMPackageType":4},"VersionName":"104956"},{"RMPackageId":{"PackageName":"PACKAGE_THEME_20","RMPackageType":4},"VersionName":"104956"},{"RMPackageId":{"PackageName":"PACKAGE_THEME_21","RMPackageType":4},"VersionName":"104956"},{"RMPackageId":{"PackageName":"PACKAGE_THEME_22","RMPackageType":4},"VersionName":"104956"},{"RMPackageId":{"PackageName":"PACKAGE_THEME_23","RMPackageType":4},"VersionName":"104956"},{"RMPackageId":{"PackageName":"PACKAGE_THEME_24","RMPackageType":4},"VersionName":"104956"},{"RMPackageId":{"PackageName":"PACKAGE_THEME_25","RMPackageType":4},"VersionName":"104956"},{"RMPackageId":{"PackageName":"PACKAGE_THEME_26","RMPackageType":4},"VersionName":"104956"},{"RMPackageId":{"PackageName":"PACKAGE_THEME_27","RMPackageType":4},"VersionName":"104956"},{"RMPackageId":{"PackageName":"PACKAGE_THEME_28","RMPackageType":4},"VersionName":"104956"},{"RMPackageId":{"PackageName":"PACKAGE_THEME_29","RMPackageType":4},"VersionName":"104956"},{"RMPackageId":{"PackageName":"PACKAGE_THEME_3","RMPackageType":4},"VersionName":"104956"},{"RMPackageId":{"PackageName":"PACKAGE_THEME_30","RMPackageType":4},"VersionName":"104956"},{"RMPackageId":{"PackageName":"PACKAGE_THEME_4","RMPackageType":4},"VersionName":"104956"},{"RMPackageId":{"PackageName":"PACKAGE_THEME_5","RMPackageType":4},"VersionName":"104956"},{"RMPackageId":{"PackageName":"PACKAGE_THEME_6","RMPackageType":4},"VersionName":"104956"},{"RMPackageId":{"PackageName":"PACKAGE_THEME_7","RMPackageType":4},"VersionName":"104956"},{"RMPackageId":{"PackageName":"PACKAGE_THEME_8","RMPackageType":4},"VersionName":"104956"},{"RMPackageId":{"PackageName":"PACKAGE_THEME_9","RMPackageType":4},"VersionName":"104956"},{"RMPackageId":{"PackageName":"PACKAGE_TOOLS","RMPackageType":4},"VersionName":"104956"},{"RMPackageId":{"PackageName":"PACKAGE_TRAPS","RMPackageType":4},"VersionName":"104956"},{"RMPackageId":{"PackageName":"","RMPackageType":7},"VersionName":"104956"}]}